Game,GameDate,PlayerID,GroupID,Level,Order,Track,Car,Body,Engine,Tire,Finished,FinishTime,TopSpeedReached,TimeTo30,TimeTo60,TimeTo100,CheckPoint1,CheckPoint2,CheckPoint3,TimeOnTrack,TimeOffTrack,Mass,Drag,Traction,FullTorqueOverAllWheel,TopSpeed,TireRadius,Variable1,Variable2,Variable3
100,8/27/2019 12:03,bubbun,Sample1,Tutorial,1,Tutorial,14,Nightingale,Nightingale,Nightingale,1,28.47,54.6,6.87,-1,-1,16.32,17.53,-1,26.33,2.14,1900,0.07,1,2500,150,0.43,NA,NA,NA
101,8/27/2019 12:04,bubbun,Sample1,Tutorial,2,Tutorial,1,Bayes,Bayes,Bayes,1,25.25,54.55,4.78,-1,-1,15.12,16.59,-1,23.47,1.78,1500,0.11,1,2500,150,0.4,NA,NA,NA
102,8/27/2019 12:04,racerod,Sample1,Tutorial,1,Tutorial,14,Nightingale,Nightingale,Nightingale,1,25.93,55.98,5.68,-1,-1,15.59,17.02,-1,23.99,1.93,1900,0.07,1,2500,150,0.43,NA,NA,NA
103,8/27/2019 12:04,racerod,Sample1,Tutorial,2,Tutorial,1,Bayes,Bayes,Bayes,1,29.4,56.72,4.23,-1,-1,14.14,16.11,-1,23.78,5.62,1500,0.11,1,2500,150,0.4,NA,NA,NA
104,8/27/2019 12:04,bens,Sample1,Tutorial,1,Tutorial,14,Nightingale,Nightingale,Nightingale,1,32.38,55.47,7.73,-1,-1,16.6,21.59,-1,27.27,5.1,1900,0.07,1,2500,150,0.43,NA,NA,NA
105,8/27/2019 12:04,bens,Sample1,Tutorial,2,Tutorial,1,Bayes,Bayes,Bayes,1,24.07,56.72,4.23,-1,-1,14.47,15.39,14.34,22.26,1.81,1500,0.11,1,2500,150,0.4,NA,NA,NA
106,8/27/2019 12:04,bens,Sample1,Tutorial,3,Tutorial,14,Nightingale,Nightingale,Nightingale,1,26.07,56.02,5.43,-1,-1,15.57,16.3,15.16,23.96,2.1,1900,0.07,1,2500,150,0.43,NA,NA,NA
107,8/27/2019 12:04,bens,Sample1,Tutorial,4,Tutorial,1,Bayes,Bayes,Bayes,1,23.84,56.81,4.24,-1,-1,14.22,15.32,-1,22.04,1.79,1500,0.11,1,2500,150,0.4,NA,NA,NA
108,8/27/2019 12:14,bens,Sample1,Tutorial,5,Tutorial,14,Nightingale,Nightingale,Nightingale,1,26.03,54.4,5.89,-1,-1,15.92,17.13,-1,24.18,1.85,1900,0.07,1,2500,150,0.43,NA,NA,NA
109,8/27/2019 12:04,bens,Sample1,Tutorial,6,Tutorial,1,Bayes,Bayes,Bayes,1,24.31,56.74,4.23,-1,-1,14.33,15.4,14.44,22.37,1.93,1500,0.11,1,2500,150,0.4,NA,NA,NA
110,8/27/2019 12:04,racerod,Sample1,Tutorial,3,Tutorial,14,Nightingale,Nightingale,Nightingale,1,26.84,56.12,5.75,-1,-1,15.34,16.81,-1,24.56,2.27,1900,0.07,1,2500,150,0.43,NA,NA,NA
111,8/27/2019 12:04,racerod,Sample1,Tutorial,4,Tutorial,1,Bayes,Bayes,Bayes,1,24.27,56.75,4.27,-1,-1,14.38,15.6,-1,22.47,1.79,1500,0.11,1,2500,150,0.4,NA,NA,NA
112,8/27/2019 12:04,eight,Sample1,Tutorial,1,Tutorial,14,Nightingale,Nightingale,Nightingale,1,62.67,47.56,57.8,-1,-1,42.92,45.4,41.39,50.88,11.79,1900,0.07,1,2500,150,0.43,NA,NA,NA
113,8/27/2019 12:04,eight,Sample1,Tutorial,2,Tutorial,1,Bayes,Bayes,Bayes,1,36.82,51.54,4.5,-1,-1,19.56,22.64,-1,31.82,4.99,1500,0.11,1,2500,150,0.4,NA,NA,NA
114,8/27/2019 12:05,eight,Sample1,Tutorial,3,Tutorial,14,Nightingale,Nightingale,Nightingale,1,31.86,54.96,5.88,-1,-1,15.56,19.86,-1,26.2,5.65,1900,0.07,1,2500,150,0.43,NA,NA,NA
115,8/27/2019 12:05,eight,Sample1,Tutorial,4,Tutorial,1,Bayes,Bayes,Bayes,1,24.79,56.78,4.29,-1,-1,14.15,15.68,-1,22.87,1.91,1500,0.11,1,2500,150,0.4,NA,NA,NA
116,8/27/2019 12:05,eight,Sample1,Tutorial,5,Tutorial,14,Nightingale,Nightingale,Nightingale,1,29.19,56.06,5.78,-1,-1,15.56,17.12,-1,26.48,2.71,1900,0.07,1,2500,150,0.43,NA,NA,NA
117,8/27/2019 12:05,eight,Sample1,Tutorial,6,Tutorial,1,Bayes,Bayes,Bayes,1,25.07,55.74,4.33,-1,-1,14.71,15.99,14.65,23.33,1.73,1500,0.11,1,2500,150,0.4,NA,NA,NA
118,8/27/2019 12:05,eight,Sample1,Tutorial,7,Tutorial,14,Nightingale,Nightingale,Nightingale,1,25.97,56.25,5.41,-1,-1,15.14,16.4,15.22,24.26,1.7,1900,0.07,1,2500,150,0.43,NA,NA,NA
119,8/27/2019 12:05,eight,Sample1,Tutorial,8,Tutorial,1,Bayes,Bayes,Bayes,1,25.13,56.9,4.25,-1,-1,14.17,15.84,-1,23.29,1.84,1500,0.11,1,2500,150,0.4,NA,NA,NA
120,8/27/2019 12:05,eight,Sample1,Tutorial,9,Tutorial,14,Nightingale,Nightingale,Nightingale,1,24.86,56.34,5.44,-1,-1,15.08,16.45,-1,23.26,1.59,1900,0.07,1,2500,150,0.43,NA,NA,NA
121,8/27/2019 12:05,eight,Sample1,Tutorial,10,Tutorial,1,Bayes,Bayes,Bayes,1,26.15,56.59,4.27,-1,-1,14.84,15.85,13.94,24.06,2.09,1500,0.11,1,2500,150,0.4,NA,NA,NA
122,8/27/2019 12:05,eight,Sample1,Tutorial,11,Tutorial,14,Nightingale,Nightingale,Nightingale,1,25.57,56.12,5.41,-1,-1,15.19,16.67,-1,23.69,1.87,1900,0.07,1,2500,150,0.43,NA,NA,NA
123,8/27/2019 12:05,eight,Sample1,Tutorial,12,Tutorial,1,Bayes,Bayes,Bayes,1,24.08,56.83,4.53,-1,-1,14.43,15.85,-1,22.46,1.62,1500,0.11,1,2500,150,0.4,NA,NA,NA
124,8/27/2019 12:05,eight,Sample1,Tutorial,13,Tutorial,14,Nightingale,Nightingale,Nightingale,1,25.07,56.2,5.81,-1,-1,15.75,16.49,15,23.52,1.55,1900,0.07,1,2500,150,0.43,NA,NA,NA
125,8/27/2019 12:06,eight,Sample1,Tutorial,14,Tutorial,1,Bayes,Bayes,Bayes,1,23.99,56.88,4.57,-1,-1,14.57,16.01,14.55,22.5,1.48,1500,0.11,1,2500,150,0.4,NA,NA,NA
126,8/27/2019 12:06,eight,Sample1,Tutorial,15,Tutorial,14,Nightingale,Nightingale,Nightingale,1,25.25,56.09,5.4,-1,-1,15.21,16.72,-1,23.57,1.68,1900,0.07,1,2500,150,0.43,NA,NA,NA
127,8/27/2019 12:06,eight,Sample1,Tutorial,16,Tutorial,1,Bayes,Bayes,Bayes,1,24.83,56.87,4.66,-1,-1,14.46,16.22,-1,23.2,1.63,1500,0.11,1,2500,150,0.4,NA,NA,NA
128,8/27/2019 12:17,bens,Sample1,Tutorial,13,Tutorial,14,Nightingale,Nightingale,Nightingale,1,25.13,55.94,5.42,-1,-1,15.59,16.62,15.5,23.5,1.63,1900,0.07,1,2500,150,0.43,NA,NA,NA
129,8/27/2019 12:06,bens,Sample1,Tutorial,14,Tutorial,1,Bayes,Bayes,Bayes,1,23.89,56.76,4.23,-1,-1,14.39,15.29,14.28,22.14,1.74,1500,0.11,1,2500,150,0.4,NA,NA,NA
130,8/27/2019 12:06,bowser,Sample1,Tutorial,1,Tutorial,14,Nightingale,Nightingale,Nightingale,1,59.44,47.7,56.07,-1,-1,41.83,43.37,40.01,52.5,6.94,1900,0.07,1,2500,150,0.43,NA,NA,NA
131,8/27/2019 12:06,bowser,Sample1,Tutorial,2,Tutorial,1,Bayes,Bayes,Bayes,1,30.39,53.72,4.43,-1,-1,17.36,19.57,-1,27.5,2.88,1500,0.11,1,2500,150,0.4,NA,NA,NA
132,8/27/2019 12:07,bowser,Sample1,Tutorial,3,Tutorial,14,Nightingale,Nightingale,Nightingale,1,38.46,51.83,6.24,-1,-1,18.27,19.51,16.5,30.66,7.8,1900,0.07,1,2500,150,0.43,NA,NA,NA
133,8/27/2019 12:07,bowser,Sample1,Tutorial,4,Tutorial,1,Bayes,Bayes,Bayes,1,34.66,53.44,4.27,-1,-1,16.51,17.92,14.89,27.59,7.06,1500,0.11,1,2500,150,0.4,NA,NA,NA
134,8/27/2019 12:07,bowser,Sample1,Tutorial,5,Tutorial,14,Nightingale,Nightingale,Nightingale,1,24.95,56.27,5.42,-1,-1,15.14,16.38,14.89,23.46,1.49,1900,0.07,1,2500,150,0.43,NA,NA,NA
135,8/27/2019 12:17,bowser,Sample1,Tutorial,6,Tutorial,1,Bayes,Bayes,Bayes,1,26.43,56.82,4.35,-1,-1,14.42,15.42,14.22,23.42,3.01,1500,0.11,1,2500,150,0.4,NA,NA,NA
136,8/27/2019 12:07,xerxes,Sample1,Tutorial,1,Tutorial,14,Nightingale,Nightingale,Nightingale,1,26.08,56.22,5.39,-1,-1,15.56,17.28,-1,24.06,2.02,1900,0.07,1,2500,150,0.43,NA,NA,NA
137,8/27/2019 12:07,xerxes,Sample1,Tutorial,2,Tutorial,1,Bayes,Bayes,Bayes,1,24.18,57.14,4.25,-1,-1,14.43,15.79,-1,22.43,1.74,1500,0.11,1,2500,150,0.4,NA,NA,NA
138,8/27/2019 12:07,rocks4jox,Sample1,Tutorial,1,Tutorial,14,Nightingale,Nightingale,Nightingale,1,24.91,56.18,5.41,-1,-1,15.01,16.62,-1,23.28,1.63,1900,0.07,1,2500,150,0.43,NA,NA,NA
139,8/27/2019 12:07,rocks4jox,Sample1,Tutorial,2,Tutorial,1,Bayes,Bayes,Bayes,1,23.6,56.75,4.22,-1,-1,14.04,15.71,-1,22,1.6,1500,0.11,1,2500,150,0.4,NA,NA,NA
140,8/27/2019 12:07,rocks4jox,Sample1,Tutorial,3,Tutorial,14,Nightingale,Nightingale,Nightingale,1,25.23,56.15,5.42,-1,-1,15.42,16.64,15.23,23.52,1.7,1900,0.07,1,2500,150,0.43,NA,NA,NA
141,8/27/2019 12:07,rocks4jox,Sample1,Tutorial,4,Tutorial,1,Bayes,Bayes,Bayes,1,23.68,56.72,4.3,-1,-1,14.11,15.89,-1,22.15,1.53,1500,0.11,1,2500,150,0.4,NA,NA,NA
142,8/27/2019 12:07,rocks4jox,Sample1,Tutorial,5,Tutorial,14,Nightingale,Nightingale,Nightingale,1,25.35,56,5.41,-1,-1,15.36,16.66,15.46,23.6,1.75,1900,0.07,1,2500,150,0.43,NA,NA,NA
143,8/27/2019 12:08,rocks4jox,Sample1,Tutorial,6,Tutorial,1,Bayes,Bayes,Bayes,1,23.8,56.72,4.23,-1,-1,14.24,15.44,14.29,22.13,1.66,1500,0.11,1,2500,150,0.4,NA,NA,NA
144,8/27/2019 12:08,aegis,Sample1,Tutorial,1,Tutorial,14,Nightingale,Nightingale,Nightingale,1,25.92,56.12,5.41,-1,-1,15.11,16.32,-1,23.8,2.11,1900,0.07,1,2500,150,0.43,NA,NA,NA
145,8/27/2019 12:08,aegis,Sample1,Tutorial,2,Tutorial,1,Bayes,Bayes,Bayes,1,23.85,56.78,4.23,-1,-1,14.29,15.39,14.36,22.16,1.68,1500,0.11,1,2500,150,0.4,NA,NA,NA
146,8/27/2019 12:08,rocks4jox,Sample1,Tutorial,7,Tutorial,14,Nightingale,Nightingale,Nightingale,1,25.4,56.04,5.46,-1,-1,15.39,16.81,-1,23.63,1.76,1900,0.07,1,2500,150,0.43,NA,NA,NA
147,8/27/2019 12:08,rocks4jox,Sample1,Tutorial,8,Tutorial,1,Bayes,Bayes,Bayes,1,23.47,56.71,4.25,-1,-1,14.22,15.43,14.11,21.95,1.51,1500,0.11,1,2500,150,0.4,NA,NA,NA
148,8/27/2019 12:18,champion,Sample1,Tutorial,1,Tutorial,14,Nightingale,Nightingale,Nightingale,1,28.09,54.42,6.44,-1,-1,16.79,18.73,-1,26.01,2.08,1900,0.07,1,2500,150,0.43,NA,NA,NA
149,8/27/2019 12:08,champion,Sample1,Tutorial,2,Tutorial,1,Bayes,Bayes,Bayes,1,26.26,55.63,4.48,-1,-1,15.24,16.64,-1,24.14,2.11,1500,0.11,1,2500,150,0.4,NA,NA,NA
150,8/27/2019 12:08,champion,Sample1,Tutorial,3,Tutorial,14,Nightingale,Nightingale,Nightingale,1,26.66,55.27,5.43,-1,-1,15.99,17.23,15.94,24.84,1.81,1900,0.07,1,2500,150,0.43,NA,NA,NA
151,8/27/2019 12:08,champion,Sample1,Tutorial,4,Tutorial,1,Bayes,Bayes,Bayes,1,26.84,55.36,4.23,-1,-1,14.94,17.23,-1,24.46,2.38,1500,0.11,1,2500,150,0.4,NA,NA,NA
152,8/27/2019 12:08,quuuuin,Sample1,Tutorial,1,Tutorial,14,Nightingale,Nightingale,Nightingale,1,25.12,56.01,5.43,-1,-1,14.93,16.46,-1,23.48,1.63,1900,0.07,1,2500,150,0.43,NA,NA,NA
153,8/27/2019 12:08,quuuuin,Sample1,Tutorial,2,Tutorial,1,Bayes,Bayes,Bayes,1,24.07,56.79,4.23,-1,-1,14.39,15.99,-1,22.33,1.73,1500,0.11,1,2500,150,0.4,NA,NA,NA
154,8/27/2019 12:08,quuuuin,Sample1,Tutorial,3,Tutorial,14,Nightingale,Nightingale,Nightingale,1,24.8,56.12,5.4,-1,-1,15.03,16.31,-1,23.19,1.61,1900,0.07,1,2500,150,0.43,NA,NA,NA
155,8/27/2019 12:08,quuuuin,Sample1,Tutorial,4,Tutorial,1,Bayes,Bayes,Bayes,1,23.72,56.68,4.25,-1,-1,13.93,15.19,-1,22,1.71,1500,0.11,1,2500,150,0.4,NA,NA,NA
156,8/27/2019 12:08,quuuuin,Sample1,Tutorial,7,Tutorial,14,Nightingale,Nightingale,Nightingale,1,25.04,55.99,5.4,-1,-1,14.99,16.53,-1,23.4,1.63,1900,0.07,1,2500,150,0.43,NA,NA,NA
157,8/27/2019 12:08,quin,Sample1,Tutorial,1,Tutorial,14,Nightingale,Nightingale,Nightingale,1,25.55,55.59,5.38,-1,-1,15.18,16.56,-1,23.67,1.88,1900,0.07,1,2500,150,0.43,NA,NA,NA
158,8/27/2019 12:08,quin,Sample1,Tutorial,2,Tutorial,1,Bayes,Bayes,Bayes,1,23.84,56.83,4.23,-1,-1,14.21,15.34,-1,22.15,1.68,1500,0.11,1,2500,150,0.4,NA,NA,NA
159,8/27/2019 12:08,quin,Sample1,Tutorial,3,Tutorial,14,Nightingale,Nightingale,Nightingale,1,24.95,55.96,5.4,-1,-1,15.14,16.58,-1,23.3,1.65,1900,0.07,1,2500,150,0.43,Finishtime,NA,NA
160,8/27/2019 12:08,quin,Sample1,Tutorial,4,Tutorial,1,Bayes,Bayes,Bayes,1,23.95,56.79,4.22,-1,-1,14.16,15.34,14.21,22.25,1.7,1500,0.11,1,2500,150,0.4,Finishtime,NA,NA
161,8/27/2019 12:09,mcc1009,Sample1,Tutorial,1,Tutorial,14,Nightingale,Nightingale,Nightingale,1,27.11,53.87,5.53,-1,-1,16.06,17.51,16.06,25.19,1.91,1900,0.07,1,2500,150,0.43,NA,NA,NA
162,8/27/2019 12:09,mcc1009,Sample1,Tutorial,2,Tutorial,1,Bayes,Bayes,Bayes,1,23.63,56.89,4.23,-1,-1,14.06,15.63,-1,22,1.63,1500,0.11,1,2500,150,0.4,NA,NA,NA
163,8/27/2019 12:09,racer17,Sample1,Tutorial,1,Tutorial,14,Nightingale,Nightingale,Nightingale,1,26.46,52.73,5.76,-1,-1,16.16,17.6,-1,24.56,1.89,1900,0.07,1,2500,150,0.43,NA,NA,NA
164,8/27/2019 12:09,racer17,Sample1,Tutorial,2,Tutorial,1,Bayes,Bayes,Bayes,1,24.55,56.75,5.06,-1,-1,15.13,16.61,-1,23.03,1.51,1500,0.11,1,2500,150,0.4,NA,NA,NA
165,8/27/2019 12:09,quin,Sample1,Tutorial,11,Tutorial,9,Bayes,Gauss,Gauss,1,21.13,64.01,3.68,9.64,-1,12.67,14.11,-1,19.67,1.46,1500,0.1,1,2500,150,0.37,NA,NA,NA
166,8/27/2019 12:09,quin,Sample1,Tutorial,12,Tutorial,14,Nightingale,Nightingale,Nightingale,1,25.1,55.92,5.42,-1,-1,15.18,16.89,-1,23.48,1.61,1900,0.07,1,2500,150,0.43,NA,NA,NA
167,8/27/2019 12:09,quin,Sample1,Tutorial,13,Tutorial,1,Bayes,Bayes,Bayes,1,23.92,56.78,4.25,-1,-1,14.19,15.39,-1,22.13,1.78,1500,0.11,1,2500,150,0.4,NA,NA,NA
168,8/27/2019 12:09,quin,Sample1,Tutorial,14,Tutorial,14,Nightingale,Nightingale,Nightingale,1,25.55,55.96,5.42,-1,-1,15.38,16.91,-1,23.7,1.85,1900,0.07,1,2500,150,0.43,NA,NA,NA
169,8/27/2019 12:09,champion,Sample1,Tutorial,5,Tutorial,14,Nightingale,Nightingale,Nightingale,1,26.68,54.55,5.49,-1,-1,15.84,17.66,-1,24.8,1.87,1900,0.07,1,2500,150,0.43,NA,NA,NA
170,8/27/2019 12:09,champion,Sample1,Tutorial,6,Tutorial,1,Bayes,Bayes,Bayes,1,24.57,56.26,4.24,-1,-1,14.94,16.27,-1,22.94,1.63,1500,0.11,1,2500,150,0.4,NA,NA,NA
171,8/27/2019 12:09,champion,Sample1,Tutorial,7,Tutorial,14,Nightingale,Nightingale,Nightingale,1,26.54,55.96,5.42,-1,-1,15.69,17.27,-1,24.39,2.15,1900,0.07,1,2500,150,0.43,NA,NA,NA
172,8/27/2019 12:09,champion,Sample1,Tutorial,8,Tutorial,1,Bayes,Bayes,Bayes,1,24.45,56.65,4.25,-1,-1,14.32,16.56,-1,22.72,1.72,1500,0.11,1,2500,150,0.4,NA,NA,NA
173,8/27/2019 12:09,racer17,Sample1,Tutorial,3,Tutorial,14,Nightingale,Nightingale,Nightingale,1,25.61,55.9,5.43,-1,-1,15.41,17.28,-1,23.83,1.78,1900,0.07,1,2500,150,0.43,NA,NA,NA
174,8/27/2019 12:09,racer17,Sample1,Tutorial,4,Tutorial,1,Bayes,Bayes,Bayes,1,24.03,56.66,4.23,-1,-1,14.46,15.66,-1,22.32,1.71,1500,0.11,1,2500,150,0.4,NA,NA,NA
175,8/27/2019 12:09,lavenderamg,Sample1,Tutorial,1,Tutorial,14,Nightingale,Nightingale,Nightingale,1,27.96,54.17,5.76,-1,-1,16.77,19.02,-1,25.68,2.27,1900,0.07,1,2500,150,0.43,NA,NA,NA
176,8/27/2019 12:09,lavenderamg,Sample1,Tutorial,2,Tutorial,1,Bayes,Bayes,Bayes,1,24.54,56.63,4.24,-1,-1,14.56,16.16,-1,22.52,2.02,1500,0.11,1,2500,150,0.4,NA,NA,NA
177,8/27/2019 12:09,barbietingz,Sample1,Tutorial,1,Tutorial,14,Nightingale,Nightingale,Nightingale,1,48.4,55.77,5.84,-1,-1,38.76,39.65,38.44,31.01,17.38,1900,0.07,1,2500,150,0.43,NA,NA,NA
178,8/27/2019 12:20,barbietingz,Sample1,Tutorial,2,Tutorial,1,Bayes,Bayes,Bayes,1,23.61,56.74,4.24,-1,-1,13.94,15.45,-1,21.93,1.68,1500,0.11,1,2500,150,0.4,NA,NA,NA
179,8/27/2019 12:10,gcstats,Sample1,Tutorial,1,Tutorial,14,Nightingale,Nightingale,Nightingale,1,25.28,55.66,5.62,-1,-1,15.51,17.06,-1,23.66,1.62,1900,0.07,1,2500,150,0.43,NA,NA,NA
180,8/27/2019 12:10,gcstats,Sample1,Tutorial,2,Tutorial,1,Bayes,Bayes,Bayes,1,24.07,56.74,4.25,-1,-1,14.24,15.69,-1,22.28,1.78,1500,0.11,1,2500,150,0.4,NA,NA,NA
181,8/27/2019 12:10,gcstats,Sample1,Tutorial,3,Tutorial,14,Nightingale,Nightingale,Nightingale,1,25.57,55.95,5.41,-1,-1,15.38,16.77,-1,23.71,1.85,1900,0.07,1,2500,150,0.43,NA,NA,NA
182,8/27/2019 12:10,gcstats,Sample1,Tutorial,4,Tutorial,1,Bayes,Bayes,Bayes,1,24.18,56.69,4.23,-1,-1,14.36,15.79,-1,22.39,1.78,1500,0.11,1,2500,150,0.4,NA,NA,NA
183,8/27/2019 12:10,roastedredpeppers,Sample1,Tutorial,1,Tutorial,14,Nightingale,Nightingale,Nightingale,1,25.61,55.98,5.43,-1,-1,15.4,17.09,-1,23.8,1.8,1900,0.07,1,2500,150,0.43,NA,NA,NA
184,8/27/2019 12:10,roastedredpeppers,Sample1,Tutorial,2,Tutorial,1,Bayes,Bayes,Bayes,1,23.81,56.67,4.24,-1,-1,14.3,15.98,-1,22.21,1.6,1500,0.11,1,2500,150,0.4,NA,NA,NA
185,8/27/2019 12:10,lb,Sample1,Tutorial,1,Tutorial,14,Nightingale,Nightingale,Nightingale,1,29.34,54.14,9,-1,-1,19.17,20.97,-1,27.77,1.57,1900,0.07,1,2500,150,0.43,NA,NA,NA
186,8/27/2019 12:10,lb,Sample1,Tutorial,2,Tutorial,1,Bayes,Bayes,Bayes,1,23.76,56.59,4.44,-1,-1,14.38,15.65,-1,22.18,1.58,1500,0.11,1,2500,150,0.4,NA,NA,NA
187,8/27/2019 12:10,lb,Sample1,Tutorial,3,Tutorial,14,Nightingale,Nightingale,Nightingale,1,24.73,56.1,5.43,-1,-1,15.29,16.22,14.86,23.2,1.52,1900,0.07,1,2500,150,0.43,NA,NA,NA
188,8/27/2019 12:10,lb,Sample1,Tutorial,4,Tutorial,1,Bayes,Bayes,Bayes,1,24.67,57.01,4.32,-1,-1,14.35,15.86,-1,22.49,2.17,1500,0.11,1,2500,150,0.4,NA,NA,NA
189,8/27/2019 12:10,wexy,Sample1,Tutorial,1,Tutorial,14,Nightingale,Nightingale,Nightingale,1,29.77,52.64,7.08,-1,-1,18.28,20.23,-1,27.47,2.3,1900,0.07,1,2500,150,0.43,NA,NA,NA
190,8/27/2019 12:10,wexy,Sample1,Tutorial,2,Tutorial,1,Bayes,Bayes,Bayes,1,24.16,56.96,4.23,-1,-1,14.36,16.11,-1,22.48,1.68,1500,0.11,1,2500,150,0.4,NA,NA,NA
191,8/27/2019 12:10,wexy,Sample1,Tutorial,3,Tutorial,14,Nightingale,Nightingale,Nightingale,1,25.89,56.03,5.44,-1,-1,15.56,17.49,-1,24,1.89,1900,0.07,1,2500,150,0.43,NA,NA,NA
192,8/27/2019 12:10,wexy,Sample1,Tutorial,4,Tutorial,1,Bayes,Bayes,Bayes,1,24.58,56.86,4.23,-1,-1,14.48,16.63,-1,22.78,1.8,1500,0.11,1,2500,150,0.4,NA,NA,NA
193,8/27/2019 12:11,gvf2012,Sample1,Tutorial,1,Tutorial,14,Nightingale,Nightingale,Nightingale,1,24.75,56.76,5.5,-1,-1,15.07,16.5,-1,23.17,1.57,1900,0.07,1,2500,150,0.43,NA,NA,NA
194,8/27/2019 12:11,gvf2012,Sample1,Tutorial,2,Tutorial,1,Bayes,Bayes,Bayes,1,23.55,56.86,4.24,-1,-1,14.08,15.44,-1,21.95,1.6,1500,0.11,1,2500,150,0.4,NA,NA,NA
195,8/27/2019 12:11,oogabooga,Sample1,Tutorial,1,Tutorial,14,Nightingale,Nightingale,Nightingale,1,25.25,55.86,5.72,-1,-1,15.47,16.7,-1,23.58,1.67,1900,0.07,1,2500,150,0.43,NA,NA,NA
196,8/27/2019 12:11,oogabooga,Sample1,Tutorial,2,Tutorial,1,Bayes,Bayes,Bayes,1,23.45,56.82,4.23,-1,-1,13.98,15.55,-1,21.9,1.55,1500,0.11,1,2500,150,0.4,NA,NA,NA
197,8/27/2019 12:11,jonsnow,Sample1,Tutorial,1,Tutorial,14,Nightingale,Nightingale,Nightingale,1,61.56,56.14,5.46,-1,-1,15.1,16.35,-1,26.64,34.91,1900,0.07,1,2500,150,0.43,NA,NA,NA
198,8/27/2019 12:11,jonsnow,Sample1,Tutorial,2,Tutorial,1,Bayes,Bayes,Bayes,1,23.86,56.73,4.24,-1,-1,14.01,15.51,-1,22.08,1.78,1500,0.11,1,2500,150,0.4,NA,NA,NA
199,8/27/2019 12:11,jonsnow,Sample1,Tutorial,3,Tutorial,14,Nightingale,Nightingale,Nightingale,1,25.06,56.07,5.41,-1,-1,15.13,16.41,-1,23.34,1.72,1900,0.07,1,2500,150,0.43,NA,NA,NA
200,8/27/2019 12:21,jonsnow,Sample1,Tutorial,4,Tutorial,1,Bayes,Bayes,Bayes,1,23.58,56.79,4.23,-1,-1,14.01,15.4,-1,21.95,1.63,1500,0.11,1,2500,150,0.4,NA,NA,NA
201,8/27/2019 12:11,chipwhittley,Sample1,Tutorial,1,Tutorial,14,Nightingale,Nightingale,Nightingale,1,26.02,56.13,6.22,-1,-1,16.12,17.12,16.15,24.25,1.77,1900,0.07,1,2500,150,0.43,NA,NA,NA
202,8/27/2019 12:11,chipwhittley,Sample1,Tutorial,2,Tutorial,1,Bayes,Bayes,Bayes,1,23.72,56.89,4.25,-1,-1,14.27,15.39,14.19,22.05,1.67,1500,0.11,1,2500,150,0.4,NA,NA,NA
203,8/27/2019 12:11,slavboy,Sample1,Tutorial,1,Tutorial,14,Nightingale,Nightingale,Nightingale,1,26.61,54.79,5.41,-1,-1,15.9,17.81,-1,24.57,2.04,1900,0.07,1,2500,150,0.43,NA,NA,NA
204,8/27/2019 12:11,slavboy,Sample1,Tutorial,2,Tutorial,1,Bayes,Bayes,Bayes,1,24.57,56.89,4.23,-1,-1,14.32,16.33,-1,22.51,2.06,1500,0.11,1,2500,150,0.4,NA,NA,NA
205,8/27/2019 12:11,slavboy,Sample1,Tutorial,3,Tutorial,14,Nightingale,Nightingale,Nightingale,1,25.31,55.98,5.42,-1,-1,15.35,17.05,-1,23.61,1.7,1900,0.07,1,2500,150,0.43,NA,NA,NA
206,8/27/2019 12:11,slavboy,Sample1,Tutorial,4,Tutorial,1,Bayes,Bayes,Bayes,1,24.39,56.65,4.25,-1,-1,14.42,16.26,-1,22.58,1.81,1500,0.11,1,2500,150,0.4,NA,NA,NA
207,8/27/2019 12:11,1.93E+11,Sample1,Tutorial,1,Tutorial,14,Nightingale,Nightingale,Nightingale,1,25.4,55.98,5.45,-1,-1,15.24,16.74,-1,23.6,1.79,1900,0.07,1,2500,150,0.43,NA,NA,NA
208,8/27/2019 12:11,1.93E+11,Sample1,Tutorial,2,Tutorial,14,Nightingale,Nightingale,Nightingale,1,25.25,56.06,5.48,-1,-1,15.32,16.89,-1,23.57,1.68,1900,0.07,1,2500,150,0.43,NA,NA,NA
209,8/27/2019 12:11,1.93E+11,Sample1,Tutorial,3,Tutorial,1,Bayes,Bayes,Bayes,1,24.02,56.76,4.43,-1,-1,14.62,16.14,-1,22.5,1.51,1500,0.11,1,2500,150,0.4,NA,NA,NA
210,8/27/2019 12:11,1.93E+11,Sample1,Tutorial,4,Tutorial,14,Nightingale,Nightingale,Nightingale,1,25.57,55.91,5.69,-1,-1,15.86,17.39,-1,23.97,1.59,1900,0.07,1,2500,150,0.43,NA,NA,NA
211,8/27/2019 12:11,racer1234,Sample1,Tutorial,1,Tutorial,14,Nightingale,Nightingale,Nightingale,1,25.16,58.74,5.45,-1,-1,15.36,17.26,-1,23.63,1.53,1900,0.07,1,2500,150,0.43,NA,NA,NA
212,8/27/2019 12:11,racer1234,Sample1,Tutorial,2,Tutorial,1,Bayes,Bayes,Bayes,1,23.92,56.75,4.26,-1,-1,14.41,15.95,-1,22.34,1.57,1500,0.11,1,2500,150,0.4,NA,NA,NA
213,8/27/2019 12:12,blm,Sample1,Tutorial,1,Tutorial,14,Nightingale,Nightingale,Nightingale,1,38.12,53.99,5.48,-1,-1,18.16,20.28,18.35,33.51,4.61,1900,0.07,1,2500,150,0.43,NA,NA,NA
214,8/27/2019 12:12,blm,Sample1,Tutorial,2,Tutorial,1,Bayes,Bayes,Bayes,1,37.97,53.2,4.78,-1,-1,19.85,21.21,16.13,31.98,5.99,1500,0.11,1,2500,150,0.4,NA,NA,NA
215,8/27/2019 12:12,dood,Sample1,Tutorial,1,Tutorial,14,Nightingale,Nightingale,Nightingale,1,24.96,56.14,5.42,-1,-1,15.07,16.44,-1,23.29,1.67,1900,0.07,1,2500,150,0.43,NA,NA,NA
216,8/27/2019 12:12,dood,Sample1,Tutorial,2,Tutorial,1,Bayes,Bayes,Bayes,1,24.18,56.71,4.23,-1,-1,14.34,15.44,14.44,22.3,1.88,1500,0.11,1,2500,150,0.4,NA,NA,NA
217,8/27/2019 12:12,12345654321,Sample1,Tutorial,1,Tutorial,14,Nightingale,Nightingale,Nightingale,1,31.95,55.5,7.54,-1,-1,17.13,21.25,-1,27.14,4.81,1900,0.07,1,2500,150,0.43,NA,NA,NA
218,8/27/2019 12:12,12345654321,Sample1,Tutorial,2,Tutorial,14,Nightingale,Nightingale,Nightingale,1,25.76,55.99,5.44,-1,-1,15.36,17.23,-1,23.79,1.96,1900,0.07,1,2500,150,0.43,NA,NA,NA
219,8/27/2019 12:12,12345654321,Sample1,Tutorial,3,Tutorial,1,Bayes,Bayes,Bayes,1,25.29,56.67,4.24,-1,-1,14.31,15.63,-1,22.34,2.95,1500,0.11,1,2500,150,0.4,NA,NA,NA
220,8/27/2019 12:12,ruby,Sample1,Tutorial,1,Tutorial,1,Bayes,Bayes,Bayes,1,23.89,56.81,4.24,-1,-1,14.2,15.57,-1,22.16,1.73,1500,0.11,1,2500,150,0.4,NA,NA,NA
221,8/27/2019 12:12,ruby,Sample1,Tutorial,2,Tutorial,14,Nightingale,Nightingale,Nightingale,1,25.99,57.17,6.18,-1,-1,16.44,17.29,15.63,24.37,1.61,1900,0.07,1,2500,150,0.43,NA,NA,NA
222,8/27/2019 12:22,ruby,Sample1,Tutorial,3,Tutorial,1,Bayes,Bayes,Bayes,1,24.1,56.22,4.59,-1,-1,14.98,16.18,-1,22.6,1.49,1500,0.11,1,2500,150,0.4,NA,NA,NA
223,8/27/2019 12:12,kingbhish,Sample1,Tutorial,1,Tutorial,14,Nightingale,Nightingale,Nightingale,1,26.35,55.98,6.44,-1,-1,16.5,17.84,-1,24.61,1.73,1900,0.07,1,2500,150,0.43,NA,NA,NA
224,8/27/2019 12:12,kingbhish,Sample1,Tutorial,2,Tutorial,1,Bayes,Bayes,Bayes,1,23.51,56.84,4.24,-1,-1,14.06,15.31,-1,21.91,1.59,1500,0.11,1,2500,150,0.4,NA,NA,NA
225,8/27/2019 12:12,herb,Sample1,Tutorial,1,Tutorial,14,Nightingale,Nightingale,Nightingale,1,26.1,54.92,6.2,-1,-1,15.67,17.47,-1,24.42,1.68,1900,0.07,1,2500,150,0.43,NA,NA,NA
226,8/27/2019 12:12,herb,Sample1,Tutorial,2,Tutorial,1,Bayes,Bayes,Bayes,1,24.2,56.6,4.25,-1,-1,14.03,15.85,-1,22.46,1.73,1500,0.11,1,2500,150,0.4,NA,NA,NA
227,8/27/2019 12:12,hehe,Sample1,Tutorial,1,Tutorial,14,Nightingale,Nightingale,Nightingale,1,26.14,55.99,6.31,-1,-1,15.95,17.35,-1,24.29,1.84,1900,0.07,1,2500,150,0.43,NA,NA,NA
228,8/27/2019 12:12,hehe,Sample1,Tutorial,2,Tutorial,1,Bayes,Bayes,Bayes,1,23.93,57.15,4.24,-1,-1,14.25,16.1,-1,22.34,1.59,1500,0.11,1,2500,150,0.4,NA,NA,NA
229,8/27/2019 12:13,5150,Sample1,Tutorial,1,Tutorial,14,Nightingale,Nightingale,Nightingale,1,26.14,54.67,5.66,-1,-1,15.83,17.59,-1,24.39,1.75,1900,0.07,1,2500,150,0.43,NA,NA,NA
230,8/27/2019 12:13,5150,Sample1,Tutorial,2,Tutorial,1,Bayes,Bayes,Bayes,1,24.11,56.83,4.26,-1,-1,14.19,15.75,-1,22.38,1.72,1500,0.11,1,2500,150,0.4,NA,NA,NA
231,8/27/2019 12:13,5150,Sample1,Tutorial,3,Tutorial,14,Nightingale,Nightingale,Nightingale,1,25.13,56.02,5.47,-1,-1,15.13,16.89,-1,23.51,1.61,1900,0.07,1,2500,150,0.43,NA,NA,NA
232,8/27/2019 12:13,5150,Sample1,Tutorial,4,Tutorial,1,Bayes,Bayes,Bayes,1,24.07,56.76,4.27,-1,-1,14.32,15.61,-1,22.35,1.71,1500,0.11,1,2500,150,0.4,NA,NA,NA
233,8/27/2019 12:13,tolsty2,Sample1,Tutorial,1,Tutorial,14,Nightingale,Nightingale,Nightingale,1,26.05,54.92,6.15,-1,-1,15.85,17.09,-1,24.23,1.82,1900,0.07,1,2500,150,0.43,NA,NA,NA
234,8/27/2019 12:13,tolsty2,Sample1,Tutorial,2,Tutorial,1,Bayes,Bayes,Bayes,1,24.04,56.84,4.23,-1,-1,14.23,15.35,-1,22.17,1.86,1500,0.11,1,2500,150,0.4,NA,NA,NA
235,8/27/2019 12:13,toes,Sample1,Tutorial,1,Tutorial,14,Nightingale,Nightingale,Nightingale,1,24.78,55.97,5.4,-1,-1,15.25,16.3,14.93,23.26,1.52,1900,0.07,1,2500,150,0.43,NA,NA,NA
236,8/27/2019 12:13,bvb,Sample1,Tutorial,1,Tutorial,14,Nightingale,Nightingale,Nightingale,1,43.29,55.86,5.43,-1,-1,29.58,32.34,14.22,25.56,17.72,1900,0.07,1,2500,150,0.43,NA,NA,NA
237,8/27/2019 12:13,toes,Sample1,Tutorial,2,Tutorial,1,Bayes,Bayes,Bayes,1,23.54,56.82,4.25,-1,-1,14.15,15.59,-1,22.01,1.53,1500,0.11,1,2500,150,0.4,NA,NA,NA
238,8/27/2019 12:13,bvb,Sample1,Tutorial,2,Tutorial,1,Bayes,Bayes,Bayes,1,24.36,56.81,4.26,-1,-1,14.3,16.2,-1,22.46,1.89,1500,0.11,1,2500,150,0.4,NA,NA,NA
239,8/27/2019 12:13,frostythesnowman,Sample1,Tutorial,1,Tutorial,14,Nightingale,Nightingale,Nightingale,1,31.98,53.12,6.87,-1,-1,18.24,20.42,16.78,29.63,2.34,1900,0.07,1,2500,150,0.43,NA,NA,NA
240,8/27/2019 12:13,frostythesnowman,Sample1,Tutorial,2,Tutorial,1,Bayes,Bayes,Bayes,1,24.12,56.82,4.26,-1,-1,14.1,15.52,-1,22.58,1.53,1500,0.11,1,2500,150,0.4,NA,NA,NA
241,8/27/2019 12:13,bowzer,Sample1,Tutorial,1,Tutorial,14,Nightingale,Nightingale,Nightingale,1,25.74,54.69,5.39,-1,-1,15.28,17.1,-1,23.9,1.84,1900,0.07,1,2500,150,0.43,NA,NA,NA
242,8/27/2019 12:13,ccccc,Sample1,Tutorial,1,Tutorial,14,Nightingale,Nightingale,Nightingale,1,26.44,56.09,5.45,-1,-1,15.25,16.86,-1,24.54,1.89,1900,0.07,1,2500,150,0.43,NA,NA,NA
243,8/27/2019 12:13,john,Sample1,Tutorial,1,Tutorial,14,Nightingale,Nightingale,Nightingale,1,38.94,51.52,5.46,-1,-1,19.09,27.86,-1,25.38,13.56,1900,0.07,1,2500,150,0.43,NA,NA,NA
244,8/27/2019 12:13,bowzer,Sample1,Tutorial,2,Tutorial,1,Bayes,Bayes,Bayes,1,24.27,56.15,4.26,-1,-1,14.39,15.73,-1,22.43,1.84,1500,0.11,1,2500,150,0.4,NA,NA,NA
245,8/27/2019 12:13,ccccc,Sample1,Tutorial,2,Tutorial,1,Bayes,Bayes,Bayes,1,25.54,56.65,4.23,-1,-1,14.7,16.42,-1,23.7,1.84,1500,0.11,1,2500,150,0.4,NA,NA,NA
246,8/27/2019 12:13,john,Sample1,Tutorial,2,Tutorial,14,Nightingale,Nightingale,Nightingale,1,33.61,52.29,5.43,-1,-1,19.01,21.86,-1,30.11,3.5,1900,0.07,1,2500,150,0.43,NA,NA,NA
247,8/27/2019 12:14,boof69,Sample1,Tutorial,1,Tutorial,14,Nightingale,Nightingale,Nightingale,1,25.77,55.07,6.2,-1,-1,15.84,17.46,-1,24.11,1.66,1900,0.07,1,2500,150,0.43,NA,NA,NA
248,8/27/2019 12:14,john,Sample1,Tutorial,3,Tutorial,1,Bayes,Bayes,Bayes,1,30.29,51.31,4.23,-1,-1,15.76,17.34,-1,27.18,3.11,1500,0.11,1,2500,150,0.4,NA,NA,NA
249,8/27/2019 12:14,probasdosdl,Sample1,Tutorial,1,Tutorial,14,Nightingale,Nightingale,Nightingale,1,26.66,54.68,5.81,-1,-1,16.16,17.74,-1,24.73,1.92,1900,0.07,1,2500,150,0.43,NA,NA,NA
250,8/27/2019 12:14,boof69,Sample1,Tutorial,2,Tutorial,1,Bayes,Bayes,Bayes,1,24.16,56.75,4.26,-1,-1,14.33,16,-1,22.37,1.78,1500,0.11,1,2500,150,0.4,NA,NA,NA
251,8/27/2019 12:14,probasdosdl,Sample1,Tutorial,2,Tutorial,1,Bayes,Bayes,Bayes,1,24.53,55.1,4.24,-1,-1,14.47,16.17,-1,22.66,1.87,1500,0.11,1,2500,150,0.4,NA,NA,NA
252,8/27/2019 12:14,shionohi,Sample1,Tutorial,1,Tutorial,14,Nightingale,Nightingale,Nightingale,1,28.24,54.27,5.42,-1,-1,16.19,18.28,-1,26.12,2.11,1900,0.07,1,2500,150,0.43,NA,NA,NA
253,8/27/2019 12:14,shionohi,Sample1,Tutorial,2,Tutorial,1,Bayes,Bayes,Bayes,1,26.62,54.66,4.28,-1,-1,15.16,16.55,-1,24.07,2.54,1500,0.11,1,2500,150,0.4,NA,NA,NA
254,8/27/2019 12:14,nemo,Sample1,Tutorial,1,Tutorial,14,Nightingale,Nightingale,Nightingale,1,26.02,56.08,5.79,-1,-1,15.69,17.41,-1,24.38,1.64,1900,0.07,1,2500,150,0.43,NA,NA,NA
255,8/27/2019 12:14,nemo,Sample1,Tutorial,2,Tutorial,14,Nightingale,Nightingale,Nightingale,1,25.75,56,6.07,-1,-1,15.96,17.26,-1,24.08,1.66,1900,0.07,1,2500,150,0.43,NA,NA,NA
256,8/27/2019 12:37,zzz,Sample1,Tutorial,1,Tutorial,14,Nightingale,Nightingale,Nightingale,1,25.55,56.24,6,-1,-1,15.47,17.14,-1,23.88,1.66,1900,0.07,1,2500,150,0.43,NA,NA,NA
257,8/27/2019 12:39,zzz,Sample1,Tutorial,2,Tutorial,1,Bayes,Bayes,Bayes,1,23.87,56.82,4.64,-1,-1,14.68,16.31,-1,22.49,1.37,1500,0.11,1,2500,150,0.4,NA,NA,NA
258,8/27/2019 12:39,nemo,Sample1,Tutorial,3,Tutorial,14,Nightingale,Nightingale,Nightingale,1,25.02,55.8,5.52,-1,-1,15.12,16.77,-1,23.41,1.6,1900,0.07,1,2500,150,0.43,NA,NA,NA
259,8/27/2019 17:08,nemo,Sample1,Tutorial,4,Tutorial,1,Bayes,Bayes,Bayes,1,23.45,56.59,4.29,-1,-1,14.23,15.64,-1,21.99,1.45,1500,0.11,1,2500,150,0.4,NA,NA,NA
260,8/27/2019 17:09,111,Sample1,Tutorial,1,Tutorial,14,Nightingale,Nightingale,Nightingale,1,25.28,56,5.8,-1,-1,15.58,16.93,-1,23.68,1.59,1900,0.07,1,2500,150,0.43,NA,NA,NA
261,8/27/2019 17:10,111,Sample1,Tutorial,2,Tutorial,1,Bayes,Bayes,Bayes,1,24.11,56.67,4.25,-1,-1,14.15,15.06,14.06,22.21,1.9,1500,0.11,1,2500,150,0.4,NA,NA,NA
262,8/27/2019 17:11,player1,Sample1,Tutorial,1,Tutorial,1,Bayes,Bayes,Bayes,1,24.95,56.67,5.1,-1,-1,15.14,16.68,-1,23.18,1.76,1500,0.11,1,2500,150,0.4,NA,NA,NA
263,8/27/2019 17:12,z12345,Sample1,Tutorial,1,Tutorial,14,Nightingale,Nightingale,Nightingale,1,24.55,56.29,5.43,-1,-1,14.78,16.35,-1,23.01,1.54,1900,0.07,1,2500,150,0.43,NA,NA,NA
264,8/27/2019 17:13,z12345,Sample1,Tutorial,2,Tutorial,1,Bayes,Bayes,Bayes,1,23.83,56.75,4.25,-1,-1,14.14,15.67,-1,22.12,1.71,1500,0.11,1,2500,150,0.4,NA,NA,NA
265,8/27/2019 17:13,z12345,Sample1,Tutorial,3,Tutorial,14,Nightingale,Nightingale,Nightingale,1,24.85,56.13,5.43,-1,-1,15.24,16.5,-1,23.24,1.61,1900,0.07,1,2500,150,0.43,NA,NA,NA
266,8/27/2019 17:14,z12345,Sample1,Tutorial,4,Tutorial,1,Bayes,Bayes,Bayes,1,24.06,56.81,4.25,-1,-1,14.37,15.4,14.44,22.18,1.87,1500,0.11,1,2500,150,0.4,NA,NA,NA
267,8/28/2019 11:26,funkymelon429,Sample1,Tutorial,1,Tutorial,14,Nightingale,Nightingale,Nightingale,1,24.74,57.83,5.42,-1,-1,15.24,16.63,-1,23.21,1.53,1900,0.07,1,2500,150,0.43,NA,NA,NA
268,8/29/2019 10:55,player123,Sample1,Tutorial,1,Tutorial,14,Nightingale,Nightingale,Nightingale,1,43.85,49.29,5.43,-1,-1,19.26,24.15,16.47,35.67,8.17,1900,0.07,1,2500,150,0.43,NA,NA,NA
269,8/29/2019 10:57,player123,Sample1,Tutorial,2,Tutorial,1,Bayes,Bayes,Bayes,1,32.71,53.13,4.24,-1,-1,17.9,20.29,17.23,30.1,2.6,1500,0.11,1,2500,150,0.4,NA,NA,NA
270,8/29/2019 10:58,sleepybaby,Sample1,Tutorial,1,Tutorial,14,Nightingale,Nightingale,Nightingale,1,25.21,58.17,5.66,-1,-1,15.6,16.35,14.89,23.62,1.59,1900,0.07,1,2500,150,0.43,NA,NA,NA
271,8/29/2019 10:59,sleepybaby,Sample1,Tutorial,2,Tutorial,1,Bayes,Bayes,Bayes,1,24.02,57.37,4.47,-1,-1,14.48,15.52,14.37,22.36,1.65,1500,0.11,1,2500,150,0.4,NA,NA,NA
272,8/29/2019 10:59,sleepybaby,Sample1,Tutorial,3,Tutorial,14,Nightingale,Nightingale,Nightingale,1,25.67,56.81,5.55,-1,-1,15.2,16.68,-1,23.8,1.87,1900,0.07,1,2500,150,0.43,NA,NA,NA
273,8/29/2019 11:00,sleepybaby,Sample1,Tutorial,4,Tutorial,1,Bayes,Bayes,Bayes,1,23.98,57.15,4.41,-1,-1,14.35,15.15,14.03,22.24,1.73,1500,0.11,1,2500,150,0.4,NA,NA,NA
274,8/29/2019 11:01,sleepybaby,Sample1,Tutorial,5,Tutorial,14,Nightingale,Nightingale,Nightingale,1,62.93,56.29,5.99,-1,-1,44.02,-1,14.31,24.44,38.49,1900,0.07,1,2500,150,0.43,NA,NA,NA
275,8/29/2019 11:02,sleepybaby,Sample1,Tutorial,6,Tutorial,1,Bayes,Bayes,Bayes,1,23.6,57.15,4.53,-1,-1,14.25,15.31,13.78,22.17,1.42,1500,0.11,1,2500,150,0.4,NA,NA,NA
276,8/29/2019 11:02,sleepybaby,Sample1,Tutorial,7,Tutorial,14,Nightingale,Nightingale,Nightingale,1,24.76,56.04,5.5,-1,-1,14.98,16.52,-1,23.26,1.5,1900,0.07,1,2500,150,0.43,NA,NA,NA
277,8/29/2019 11:02,sleepybaby,Sample1,Tutorial,8,Tutorial,1,Bayes,Bayes,Bayes,1,24.35,56.87,4.74,-1,-1,14.54,16,14.67,22.74,1.61,1500,0.11,1,2500,150,0.4,NA,NA,NA
278,8/29/2019 11:03,lunspyket,Sample1,Tutorial,1,Tutorial,14,Nightingale,Nightingale,Nightingale,1,25.03,56.12,5.43,-1,-1,15.29,16.74,-1,23.42,1.6,1900,0.07,1,2500,150,0.43,NA,NA,NA
279,8/29/2019 11:03,lunspyket,Sample1,Tutorial,2,Tutorial,1,Bayes,Bayes,Bayes,1,23.85,56.68,4.24,-1,-1,14.14,15.49,-1,22.1,1.74,1500,0.11,1,2500,150,0.4,NA,NA,NA
280,8/29/2019 11:03,lunspyket,Sample1,Tutorial,4,Tutorial,14,Nightingale,Nightingale,Nightingale,1,25.43,56.05,5.46,-1,-1,15.32,16.44,15.38,23.59,1.83,1900,0.07,1,2500,150,0.43,NA,NA,NA
281,8/29/2019 11:03,lunspyket,Sample1,Tutorial,5,Tutorial,1,Bayes,Bayes,Bayes,1,23.8,56.78,4.25,-1,-1,14.2,15.09,14.08,22.04,1.75,1500,0.11,1,2500,150,0.4,NA,NA,NA
282,8/29/2019 11:03,jesusisking,Sample1,Tutorial,1,Tutorial,14,Nightingale,Nightingale,Nightingale,1,28.77,54.6,7.68,-1,-1,18.23,20,-1,26.82,1.95,1900,0.07,1,2500,150,0.43,NA,NA,NA
283,8/29/2019 11:04,jesusisking,Sample1,Tutorial,2,Tutorial,1,Bayes,Bayes,Bayes,1,23.85,56.73,4.3,-1,-1,14.16,15.96,-1,22.21,1.64,1500,0.11,1,2500,150,0.4,NA,NA,NA
284,8/29/2019 11:04,lunspyket,Sample1,Tutorial,6,Tutorial,14,Nightingale,Nightingale,Nightingale,1,25.07,55.7,5.47,-1,-1,15.18,16.41,-1,23.37,1.69,1900,0.07,1,2500,150,0.43,NA,NA,NA
285,8/29/2019 11:04,lunspyket,Sample1,Tutorial,7,Tutorial,1,Bayes,Bayes,Bayes,1,23.84,56.82,4.22,-1,-1,14.25,15.45,-1,22.12,1.71,1500,0.11,1,2500,150,0.4,NA,NA,NA
286,8/29/2019 11:04,105863,Sample1,Tutorial,1,Tutorial,14,Nightingale,Nightingale,Nightingale,1,27.72,56.22,6.41,-1,-1,16.42,18.13,-1,25.23,2.48,1900,0.07,1,2500,150,0.43,NA,NA,NA
287,8/29/2019 11:04,105863,Sample1,Tutorial,2,Tutorial,1,Bayes,Bayes,Bayes,1,23.65,56.85,4.24,-1,-1,14.22,15.61,-1,22.03,1.62,1500,0.11,1,2500,150,0.4,NA,NA,NA
288,8/29/2019 11:05,abcde123,Sample1,Tutorial,1,Tutorial,14,Nightingale,Nightingale,Nightingale,1,24.99,57.56,5.56,-1,-1,15.21,16.81,-1,23.42,1.56,1900,0.07,1,2500,150,0.43,NA,NA,NA
289,8/29/2019 11:05,abcde123,Sample1,Tutorial,2,Tutorial,1,Bayes,Bayes,Bayes,1,24.52,56.93,4.24,-1,-1,14.27,16.45,-1,22.57,1.95,1500,0.11,1,2500,150,0.4,NA,NA,NA
290,8/29/2019 11:05,baldy,Sample1,Tutorial,1,Tutorial,14,Nightingale,Nightingale,Nightingale,1,26.48,55.63,6.12,-1,-1,15.69,17.26,-1,24.69,1.78,1900,0.07,1,2500,150,0.43,NA,NA,NA
291,8/29/2019 11:05,baldy,Sample1,Tutorial,2,Tutorial,1,Bayes,Bayes,Bayes,1,23.83,56.65,4.25,-1,-1,14.2,15.15,14.15,22.13,1.69,1500,0.11,1,2500,150,0.4,NA,NA,NA
292,8/29/2019 11:05,cheese,Sample1,Tutorial,1,Tutorial,14,Nightingale,Nightingale,Nightingale,1,25.44,56.12,5.94,-1,-1,15.71,17.17,-1,23.85,1.59,1900,0.07,1,2500,150,0.43,NA,NA,NA
293,8/29/2019 11:05,cheese,Sample1,Tutorial,2,Tutorial,1,Bayes,Bayes,Bayes,1,23.49,56.75,4.26,-1,-1,14.18,15.28,14.16,21.93,1.55,1500,0.11,1,2500,150,0.4,NA,NA,NA
294,8/29/2019 11:05,tomatopaste,Sample1,Tutorial,1,Tutorial,1,Bayes,Bayes,Bayes,1,35.19,53.01,4.73,-1,-1,17.41,20.66,-1,30.62,4.56,1500,0.11,1,2500,150,0.4,NA,NA,NA
295,8/29/2019 11:05,waifu222,Sample1,Tutorial,1,Tutorial,14,Nightingale,Nightingale,Nightingale,1,26.15,55.61,5.81,-1,-1,15.57,16.65,15.57,24.09,2.06,1900,0.07,1,2500,150,0.43,NA,NA,NA
296,8/29/2019 11:05,waifu222,Sample1,Tutorial,2,Tutorial,1,Bayes,Bayes,Bayes,1,23.96,56.6,4.38,-1,-1,14.31,15.24,14.16,22.18,1.78,1500,0.11,1,2500,150,0.4,NA,NA,NA
297,8/29/2019 11:05,waifu222,Sample1,Tutorial,3,Tutorial,14,Nightingale,Nightingale,Nightingale,1,24.72,56.13,5.42,-1,-1,15.08,16.37,-1,23.18,1.54,1900,0.07,1,2500,150,0.43,NA,NA,NA
298,8/29/2019 11:05,waifu222,Sample1,Tutorial,4,Tutorial,1,Bayes,Bayes,Bayes,1,23.51,56.67,4.25,-1,-1,14.05,15.43,-1,21.88,1.63,1500,0.11,1,2500,150,0.4,NA,NA,NA
299,8/29/2019 11:05,samb20,Sample1,Tutorial,1,Tutorial,14,Nightingale,Nightingale,Nightingale,1,24.91,56.67,5.51,-1,-1,15.45,16.95,-1,23.43,1.48,1900,0.07,1,2500,150,0.43,NA,NA,NA
300,8/29/2019 11:06,samb20,Sample1,Tutorial,2,Tutorial,1,Bayes,Bayes,Bayes,1,24.62,56.82,4.24,-1,-1,14.17,16,-1,22.4,2.22,1500,0.11,1,2500,150,0.4,NA,NA,NA
301,8/29/2019 11:06,samb20,Sample1,Tutorial,3,Tutorial,14,Nightingale,Nightingale,Nightingale,1,24.71,56.19,5.43,-1,-1,15.13,16.12,15.18,23.13,1.58,1900,0.07,1,2500,150,0.43,NA,NA,NA
302,8/29/2019 11:06,samb20,Sample1,Tutorial,4,Tutorial,1,Bayes,Bayes,Bayes,1,24.33,56.74,4.25,-1,-1,14.49,15.11,14.07,22.47,1.85,1500,0.11,1,2500,150,0.4,NA,NA,NA
303,8/29/2019 11:06,moneymachine,Sample1,Tutorial,1,Tutorial,14,Nightingale,Nightingale,Nightingale,1,33.93,48.84,5.93,-1,-1,17.05,19.17,-1,30.56,3.36,1900,0.07,1,2500,150,0.43,NA,NA,NA
304,8/29/2019 11:06,moneymachine,Sample1,Tutorial,2,Tutorial,1,Bayes,Bayes,Bayes,1,45.99,44.19,10.18,-1,-1,26.59,31.16,26.16,40.3,5.69,1500,0.11,1,2500,150,0.4,NA,NA,NA
305,8/29/2019 11:06,moneymachine,Sample1,Tutorial,3,Tutorial,14,Nightingale,Nightingale,Nightingale,1,30.1,47.61,5.38,-1,-1,16.67,18.27,-1,27.69,2.41,1900,0.07,1,2500,150,0.43,NA,NA,NA
306,8/29/2019 11:06,moneymachine,Sample1,Tutorial,4,Tutorial,1,Bayes,Bayes,Bayes,1,37.36,47.87,7.08,-1,-1,21.58,23.18,21.53,32.06,5.29,1500,0.11,1,2500,150,0.4,NA,NA,NA
307,8/29/2019 11:06,cupcake1311,Sample1,Tutorial,1,Tutorial,14,Nightingale,Nightingale,Nightingale,1,43.39,49.58,7.72,-1,-1,19.32,20.13,18.89,30.32,13.07,1900,0.07,1,2500,150,0.43,NA,NA,NA
308,8/29/2019 11:06,cupcake1311,Sample1,Tutorial,2,Tutorial,14,Nightingale,Nightingale,Nightingale,1,26,53.81,5.54,-1,-1,15.71,16.97,-1,24.25,1.75,1900,0.07,1,2500,150,0.43,NA,NA,NA
309,8/29/2019 11:07,22299,Sample1,Tutorial,1,Tutorial,14,Nightingale,Nightingale,Nightingale,1,40.99,55.46,9,-1,-1,21.33,-1,17.66,25.99,14.99,1900,0.07,1,2500,150,0.43,NA,NA,NA
310,8/29/2019 11:07,22299,Sample1,Tutorial,2,Tutorial,1,Bayes,Bayes,Bayes,1,26.66,55.47,4.33,-1,-1,14.66,16.99,-1,23,3.66,1500,0.11,1,2500,150,0.4,NA,NA,NA
311,8/29/2019 11:07,kr,Sample1,Tutorial,1,Tutorial,14,Nightingale,Nightingale,Nightingale,1,26.78,54.74,5.45,-1,-1,16.47,18.39,-1,24.98,1.79,1900,0.07,1,2500,150,0.43,NA,NA,NA
312,8/29/2019 11:07,kr,Sample1,Tutorial,2,Tutorial,1,Bayes,Bayes,Bayes,1,24.24,56.69,4.25,-1,-1,14.33,16.33,-1,22.6,1.63,1500,0.11,1,2500,150,0.4,NA,NA,NA
313,8/29/2019 11:07,civilization,Sample1,Tutorial,1,Tutorial,14,Nightingale,Nightingale,Nightingale,1,29.69,57.02,10.19,-1,-1,19.92,21.49,-1,28.04,1.64,1900,0.07,1,2500,150,0.43,NA,NA,NA
314,8/29/2019 11:09,civilization,Sample1,Tutorial,2,Tutorial,1,Bayes,Bayes,Bayes,1,24.13,56.74,4.23,-1,-1,14.26,15.68,-1,22.26,1.86,1500,0.11,1,2500,150,0.4,NA,NA,NA
315,8/29/2019 11:08,statstudent,Sample1,Tutorial,1,Tutorial,14,Nightingale,Nightingale,Nightingale,1,29.63,54.68,7.28,-1,-1,17.76,19.7,-1,27.17,2.46,1900,0.07,1,2500,150,0.43,NA,NA,NA
316,8/29/2019 11:08,statstudent,Sample1,Tutorial,2,Tutorial,14,Nightingale,Nightingale,Nightingale,1,30.97,51.09,5.42,-1,-1,17.35,18.52,17.42,27.38,3.59,1900,0.07,1,2500,150,0.43,NA,NA,NA
317,8/29/2019 11:08,statstudent,Sample1,Tutorial,3,Tutorial,1,Bayes,Bayes,Bayes,1,28.28,53.55,4.24,-1,-1,15.82,17.7,-1,25.44,2.84,1500,0.11,1,2500,150,0.4,NA,NA,NA
318,8/29/2019 11:08,jinglin,Sample1,Tutorial,1,Tutorial,14,Nightingale,Nightingale,Nightingale,1,29.79,47.69,6.03,-1,-1,16.58,18.95,-1,27.49,2.3,1900,0.07,1,2500,150,0.43,NA,NA,NA
319,8/29/2019 11:08,jinglin,Sample1,Tutorial,2,Tutorial,1,Bayes,Bayes,Bayes,1,28.87,53.86,4.5,-1,-1,15.82,17.62,-1,25.3,3.56,1500,0.11,1,2500,150,0.4,NA,NA,NA
320,8/29/2019 11:08,sta209f2,Sample1,Tutorial,1,Tutorial,14,Nightingale,Nightingale,Nightingale,1,25.31,56.31,5.62,-1,-1,15.44,17.01,-1,23.74,1.56,1900,0.07,1,2500,150,0.43,NA,NA,NA
321,8/29/2019 11:09,sta209f2,Sample1,Tutorial,2,Tutorial,1,Bayes,Bayes,Bayes,1,23.64,56.72,4.25,-1,-1,14.42,15.89,-1,22.17,1.47,1500,0.11,1,2500,150,0.4,NA,NA,NA
322,8/29/2019 11:09,sta209f2,Sample1,Tutorial,4,Tutorial,14,Nightingale,Nightingale,Nightingale,1,25.4,55.99,5.41,-1,-1,15.11,16.79,-1,23.91,1.49,1900,0.07,1,2500,150,0.43,NA,NA,NA
323,8/29/2019 11:11,sta209f2,Sample1,Tutorial,5,Tutorial,1,Bayes,Bayes,Bayes,1,23.69,56.79,4.24,-1,-1,14.14,15.96,-1,22.19,1.49,1500,0.11,1,2500,150,0.4,NA,NA,NA
324,8/29/2019 11:09,randomid,Sample1,Tutorial,1,Tutorial,14,Nightingale,Nightingale,Nightingale,1,25.58,55.85,5.45,-1,-1,15.42,16.84,-1,23.7,1.88,1900,0.07,1,2500,150,0.43,NA,NA,NA
325,8/29/2019 11:10,nic,Sample1,Tutorial,1,Tutorial,14,Nightingale,Nightingale,Nightingale,1,25.83,54.78,5.73,-1,-1,15.43,17.04,-1,23.98,1.84,1900,0.07,1,2500,150,0.43,NA,NA,NA
326,8/29/2019 11:12,nic,Sample1,Tutorial,2,Tutorial,1,Bayes,Bayes,Bayes,1,24.19,56.4,4.24,-1,-1,14.18,15.8,-1,22.29,1.9,1500,0.11,1,2500,150,0.4,NA,NA,NA
327,8/29/2019 11:10,pinkie,Sample1,Tutorial,1,Tutorial,14,Nightingale,Nightingale,Nightingale,1,33.59,54.36,5.47,-1,-1,19.61,21.63,19.61,30.63,2.95,1900,0.07,1,2500,150,0.43,NA,NA,NA
328,8/29/2019 11:10,pinkie,Sample1,Tutorial,2,Tutorial,1,Bayes,Bayes,Bayes,1,29.76,55.36,4.25,-1,-1,15.21,17.59,-1,26.12,3.63,1500,0.11,1,2500,150,0.4,NA,NA,NA
329,8/29/2019 11:10,sg121111,Sample1,Tutorial,1,Tutorial,14,Nightingale,Nightingale,Nightingale,1,25.37,55.95,5.42,-1,-1,15.27,16.96,-1,23.58,1.78,1900,0.07,1,2500,150,0.43,NA,NA,NA
330,8/29/2019 11:10,sg121111,Sample1,Tutorial,2,Tutorial,1,Bayes,Bayes,Bayes,1,23.87,56.74,4.23,-1,-1,14.08,15.73,-1,22.15,1.71,1500,0.11,1,2500,150,0.4,NA,NA,NA
331,8/29/2019 11:11,2.35E+12,Sample1,Tutorial,1,Tutorial,14,Nightingale,Nightingale,Nightingale,1,25.26,56.05,5.44,-1,-1,15.25,16.82,-1,23.52,1.73,1900,0.07,1,2500,150,0.43,NA,NA,NA
332,8/29/2019 11:11,2.35E+12,Sample1,Tutorial,2,Tutorial,1,Bayes,Bayes,Bayes,1,24.16,56.76,4.25,-1,-1,14.25,15.51,-1,22.29,1.86,1500,0.11,1,2500,150,0.4,NA,NA,NA
333,8/29/2019 11:13,44zaza,Sample1,Tutorial,1,Tutorial,14,Nightingale,Nightingale,Nightingale,1,28.93,55.12,5.38,-1,-1,15.78,18.44,-1,25.13,3.8,1900,0.07,1,2500,150,0.43,NA,NA,NA
334,8/29/2019 11:11,44zaza,Sample1,Tutorial,2,Tutorial,1,Bayes,Bayes,Bayes,1,27.07,51.96,5.73,-1,-1,15.89,17.21,-1,25.44,1.63,1500,0.11,1,2500,150,0.4,NA,NA,NA
335,8/29/2019 11:14,cupcakecool,Sample1,Tutorial,1,Tutorial,14,Nightingale,Nightingale,Nightingale,1,40.41,55.64,11.5,-1,-1,22.46,25.03,-1,35.2,5.21,1900,0.07,1,2500,150,0.43,NA,NA,NA
336,8/29/2019 11:12,cupcakecool,Sample1,Tutorial,2,Tutorial,1,Bayes,Bayes,Bayes,1,32.65,55.18,4.27,-1,-1,17.7,20.45,17.26,28.65,4,1500,0.11,1,2500,150,0.4,NA,NA,NA
337,8/29/2019 11:12,iamfast,Sample1,Tutorial,1,Tutorial,14,Nightingale,Nightingale,Nightingale,1,29.31,53.96,7.65,-1,-1,18.43,19.94,-1,27.2,2.11,1900,0.07,1,2500,150,0.43,NA,NA,NA
338,8/29/2019 11:12,iamfast,Sample1,Tutorial,2,Tutorial,1,Bayes,Bayes,Bayes,1,23.77,56.87,4.25,-1,-1,14.1,14.89,13.92,21.88,1.88,1500,0.11,1,2500,150,0.4,NA,NA,NA
